Name,Email,DOB
Rubie Sawford,rsawford0@reuters.com,22-12-2023
Perl Traite,ptraite1@hud.gov,22-12-2023
Teddi Morecomb,tmorecomb2@dyndns.org,22-12-2023
Marnie Solley,msolley3@scientificamerican.com,08-10-2023
Dinah Yakuntsov,dyakuntsov4@cyberchimps.com,09-10-2023
Malchy Tuffrey,mtuffrey5@odnoklassniki.ru,10-10-2023
Jdavie Simoes,jsimoes6@unc.edu,11-10-2023
Caldwell Benneton,cbenneton7@tinypic.com,12-10-2023
Coralyn MacLucais,cmaclucais8@biglobe.ne.jp,13-10-2023
Felizio Earney,fearney9@xing.com,14-10-2023
Gertrudis Dayne,gdaynea@a8.net,15-10-2023
Gavan Hardern,ghardernb@omniture.com,16-10-2023
Neilla Demageard,ndemageardc@sfgate.com,17-10-2023
Diannne Richardon,drichardond@dedecms.com,18-10-2023
Brenda Moxley,bmoxleye@1und1.de,19-10-2023
Juliann Creebo,jcreebof@narod.ru,20-10-2023
Peter Hyrons,phyronsg@diigo.com,21-10-2023
Forester Boote,fbooteh@eepurl.com,22-10-2023
Adolph Pimm,apimmi@ted.com,23-10-2023
Maud Jerrard,mjerrardj@guardian.co.uk,24-10-2023
Connie Childs,cchildsk@jimdo.com,25-10-2023
Hetti Boyington,hboyingtonl@ask.com,26-10-2023
Aurlie Crayker,acraykerm@smh.com.au,27-10-2023
Guy Styche,gstychen@google.fr,28-10-2023
Kurtis Gillam,kgillamo@accuweather.com,29-10-2023
Nellie O'Doogan,nodooganp@ovh.net,30-10-2023
Annalise Kayzer,akayzerq@google.com.hk,31-10-2023
Evaleen Medeway,emedewayr@sfgate.com,01-11-2023
Elise Castenda,ecastendas@usatoday.com,02-11-2023
Florance Hurle,fhurlet@tiny.cc,03-11-2023
Goran Barnsdall,gbarnsdallu@opensource.org,04-11-2023
Welch FitzGilbert,wfitzgilbertv@about.me,05-11-2023
Giles Filan,gfilanw@vinaora.com,06-11-2023
Alie Nussii,anussiix@goo.ne.jp,07-11-2023
Edik Gosker,egoskery@archive.org,08-11-2023
Cobby Crangle,ccranglez@nature.com,09-11-2023
Andrey Karlowicz,akarlowicz10@yandex.ru,10-11-2023
Merrel Sindall,msindall11@wikispaces.com,11-11-2023
Maiga Larsen,mlarsen12@umich.edu,12-11-2023
Darill Rogliero,drogliero13@squarespace.com,13-11-2023
Briggs Spieck,bspieck14@bluehost.com,14-11-2023
Garnette Demoge,gdemoge15@storify.com,15-11-2023
Jere Hazlegrove,jhazlegrove16@intel.com,16-11-2023
Greggory Trewartha,gtrewartha17@jimdo.com,17-11-2023
Brian Purcell,bpurcell18@discovery.com,18-11-2023
Tymothy State,tstate19@photobucket.com,19-11-2023
Gigi Hanley,ghanley1a@nyu.edu,20-11-2023
Tandy Hammerstone,thammerstone1b@narod.ru,21-11-2023
Orella Ponter,oponter1c@ameblo.jp,22-11-2023
Salomo Gotts,sgotts1d@upenn.edu,23-11-2023
