Roll number ,Student Name,Gender,C Programing(T),Java Programming(T),Digital Electronic(T),C Programming (P),Java Programming (P),Email
1,Rickert Sobieski,Male,16,7,36,69,1,rsobieski0@apple.com
2,Frederigo Gimert,Male,65,100,59,5,31,fgimert1@ucla.edu
3,Rurik Ilett,Male,84,47,48,11,95,rilett2@omniture.com
4,Shoshana Kulvear,Female,8,89,73,75,47,skulvear3@privacy.gov.au
5,Megen Rosedale,Female,93,62,60,1,75,mrosedale4@home.pl
6,Jolie Rosario,Female,8,74,10,99,5,jrosario5@dailymotion.com
7,Eduino Cartan,Male,7,20,98,77,51,ecartan6@meetup.com
8,Rodd Crandon,Male,18,70,70,51,55,rcrandon7@furl.net
9,Gussie Cawthera,Female,50,28,99,84,48,gcawthera8@dell.com
10,Dalli Symondson,Male,25,1,59,3,58,dsymondson9@skype.com
11,Clea Pegg,Female,15,38,87,3,14,cpegga@wp.com
12,Collette Blesdill,Female,88,91,23,67,67,cblesdillb@usgs.gov
13,Cinderella Ramsdell,Female,45,70,44,82,8,cramsdellc@soup.io
14,Fitz Scotland,Male,46,3,92,42,38,fscotlandd@irs.gov
15,Gusta Jurn,Female,41,16,12,80,43,gjurne@ocn.ne.jp
16,Silvio Eighteen,Genderfluid,61,74,3,94,12,seighteenf@discovery.com
17,Suki Kensett,Female,7,73,70,35,56,skensettg@51.la
18,Winny Geertsen,Male,2,34,9,33,55,wgeertsenh@slideshare.net
19,Everett Bonn,Male,63,21,32,59,66,ebonni@blog.com
20,Dael Douglass,Female,84,77,97,76,48,ddouglassj@wordpress.com
21,Malory Keoghane,Female,37,37,76,72,73,mkeoghanek@gnu.org
22,Neile Bracci,Female,97,6,16,59,92,nbraccil@globo.com
23,Evangelina Akenhead,Female,42,37,90,79,2,eakenheadm@scientificamerican.com
24,Tally Dunsford,Male,43,53,31,63,77,tdunsfordn@tumblr.com
25,Moishe Gilburt,Male,94,54,48,46,73,mgilburto@zdnet.com
26,Zacharie Royl,Male,3,81,35,61,73,zroylp@e-recht24.de
27,Wendall Raddish,Male,73,88,73,82,61,wraddishq@ycombinator.com
28,Hadleigh Shillinglaw,Genderqueer,27,77,65,62,93,hshillinglawr@webmd.com
29,Denys Dartnall,Female,58,54,82,1,98,ddartnalls@eventbrite.com
30,Kym Kettlesing,Female,56,2,58,79,80,kkettlesingt@privacy.gov.au
31,Slade Devenny,Male,85,20,74,1,77,sdevennyu@google.co.uk
32,Berkly Causnett,Male,6,34,5,65,50,bcausnettv@indiatimes.com
33,Sella Ciccarelli,Female,32,83,38,6,3,sciccarelliw@networksolutions.com
34,Tamarra Bertholin,Female,79,27,63,93,68,tbertholinx@alibaba.com
35,Sharron Tawse,Genderqueer,72,72,5,72,25,stawsey@bluehost.com
36,Gwenny Arnaldi,Female,37,26,47,38,64,garnaldiz@multiply.com
37,Sergio Heap,Male,95,49,45,88,89,sheap10@unesco.org
38,Francene Croney,Female,28,97,85,65,1,fcroney11@springer.com
39,Leora Tetsall,Genderfluid,93,73,74,63,31,ltetsall12@wix.com
40,Joella Derrell,Female,39,51,10,15,61,jderrell13@scientificamerican.com
41,Pancho Filby,Male,57,66,28,64,83,pfilby14@ucsd.edu
42,Waly Pach,Female,6,67,76,80,88,wpach15@archive.org
43,Wiatt Ungaretti,Male,4,19,99,30,76,wungaretti16@twitpic.com
44,Darb Springtorp,Female,15,76,20,38,2,dspringtorp17@cnet.com
45,Sammy Chappelow,Male,91,7,70,36,85,schappelow18@vinaora.com
46,Trev O'Hallagan,Male,28,89,3,38,42,tohallagan19@bloglines.com
47,Torry Chadwell,Male,14,78,44,76,58,tchadwell1a@squarespace.com
48,Hart Gepson,Male,96,92,1,44,23,hgepson1b@instagram.com
49,Vinny Stollman,Male,82,69,17,69,60,vstollman1c@house.gov
50,Lucio Rojas,Male,4,53,90,66,83,lrojas1d@canalblog.com
51,Suki Asple,Female,93,24,19,37,67,sasple1e@geocities.jp
52,Isahella Hearne,Female,42,71,96,35,40,ihearne1f@privacy.gov.au
53,Darill Georger,Male,29,70,78,50,13,dgeorger1g@technorati.com
54,Giraud Baulk,Polygender,45,84,69,46,41,gbaulk1h@prnewswire.com
55,Rosabella Cuckoo,Female,97,55,5,40,41,rcuckoo1i@nih.gov
56,Lancelot Simionescu,Male,91,25,43,11,74,lsimionescu1j@parallels.com
57,Jordon Dyne,Bigender,3,48,11,15,99,jdyne1k@surveymonkey.com
58,Olag Torrejon,Male,22,31,52,55,66,otorrejon1l@plala.or.jp
59,Brooke Chess,Male,56,32,74,8,51,bchess1m@csmonitor.com
60,Ramsay Lappine,Male,33,100,42,55,100,rlappine1n@seesaa.net
61,Flory Lugton,Female,50,44,15,88,11,flugton1o@hubpages.com
62,Joanna Outright,Female,47,85,22,62,79,joutright1p@blogs.com
63,Jacintha Shade,Female,69,16,73,68,88,jshade1q@indiatimes.com
64,Randi Broady,Genderfluid,85,5,97,43,21,rbroady1r@blogger.com
65,Ailina Hubatsch,Female,62,65,27,80,45,ahubatsch1s@census.gov
66,Irv Rosnau,Male,98,28,75,52,29,irosnau1t@slashdot.org
67,Kendal Schoenrock,Male,45,25,41,6,11,kschoenrock1u@usnews.com
68,Alphonse Mainston,Male,86,22,37,42,22,amainston1v@tmall.com
69,Eunice Meneer,Female,30,100,69,57,19,emeneer1w@gov.uk
70,Chevy Rivallant,Male,64,28,85,85,38,crivallant1x@yahoo.com
71,Eddie Crow,Male,56,46,21,58,30,ecrow1y@nydailynews.com
72,Bartholomeo Mucklow,Male,72,20,2,19,88,bmucklow1z@illinois.edu
73,Alonso Dencs,Male,77,32,92,68,92,adencs20@squidoo.com
74,Becka Yegorshin,Female,21,76,25,42,42,byegorshin21@ox.ac.uk
75,Enrique Laxtonne,Male,73,22,42,56,23,elaxtonne22@macromedia.com
76,Seymour Drennan,Male,19,57,81,68,78,sdrennan23@w3.org
77,Penny Girdlestone,Female,58,54,60,90,95,pgirdlestone24@hhs.gov
78,Mandel Braney,Male,90,22,70,16,94,mbraney25@friendfeed.com
79,Cleavland Kornacki,Male,67,33,19,70,21,ckornacki26@1688.com
80,Nike Hick,Female,64,89,57,36,49,nhick27@acquirethisname.com
81,Trish Mangam,Female,38,64,35,11,11,tmangam28@webs.com
82,Ellerey Doxsey,Male,63,21,82,57,86,edoxsey29@samsung.com
83,Templeton O'Spillane,Male,69,25,54,45,31,tospillane2a@topsy.com
84,Man Bridel,Male,32,49,46,8,89,mbridel2b@si.edu
85,Tadio Frankton,Male,59,70,40,35,97,tfrankton2c@dot.gov
86,Sumner Habden,Male,79,79,59,5,74,shabden2d@hibu.com
87,Aline Coleborn,Female,22,51,53,46,77,acoleborn2e@alexa.com
88,Leyla McCrostie,Female,81,95,78,30,75,lmccrostie2f@wiley.com
89,Kent Balogh,Male,9,25,2,100,11,kbalogh2g@ycombinator.com
90,Camilla Vaar,Female,99,76,87,27,91,cvaar2h@cnbc.com
91,Gertrude Polak,Female,13,40,2,83,56,gpolak2i@cpanel.net
92,Charissa McNeilly,Female,19,68,4,40,35,cmcneilly2j@360.cn
93,Kaitlynn Kinkade,Female,22,61,8,86,59,kkinkade2k@cisco.com
94,Temple Sly,Male,4,91,24,55,84,tsly2l@deliciousdays.com
95,Eugen Kohlerman,Male,90,49,17,47,25,ekohlerman2m@smh.com.au
96,Zelma Barmadier,Female,46,78,6,19,100,zbarmadier2n@amazon.co.jp
97,Courtnay Peartree,Agender,28,80,54,81,77,cpeartree2o@nasa.gov
98,Helena Clayworth,Female,76,52,64,67,92,hclayworth2p@blog.com
99,Shepperd Buddell,Male,75,40,29,11,54,sbuddell2q@xing.com
100,Justen Carrabott,Male,49,36,24,38,53,jcarrabott2r@theatlantic.com
101,Davita Georgelin,Female,77,10,94,33,13,dgeorgelin2s@netlog.com
102,Carol Ahearne,Female,60,55,49,54,53,cahearne2t@simplemachines.org
103,Burg Gentry,Male,47,65,71,82,67,bgentry2u@twitpic.com
104,Eachelle Reeder,Genderqueer,51,29,36,61,28,ereeder2v@google.co.jp
105,Janenna Ruddell,Female,51,32,62,98,49,jruddell2w@accuweather.com
106,Gerhardt Rickwood,Male,76,61,35,14,2,grickwood2x@shinystat.com
107,Darla Grindley,Genderqueer,39,83,9,2,50,dgrindley2y@simplemachines.org
108,Fayth Seyers,Female,70,1,48,26,76,fseyers2z@psu.edu
109,Fleur Surmeyer,Female,24,69,85,32,5,fsurmeyer30@dmoz.org
110,Max Swadling,Female,94,14,15,17,79,mswadling31@aol.com
111,Casar Byford,Male,78,11,30,33,34,cbyford32@dyndns.org
112,Orelia Butner,Female,15,3,77,96,20,obutner33@yandex.ru
113,Nichols Stevens,Non-binary,20,30,12,80,82,nstevens34@sun.com
114,Celeste Gierok,Female,7,80,40,46,33,cgierok35@freewebs.com
115,Garth Iskov,Male,86,86,84,77,64,giskov36@nifty.com
116,Pammy Crawcour,Female,42,41,5,76,87,pcrawcour37@ucla.edu
117,Aidan Sides,Female,44,96,74,36,10,asides38@privacy.gov.au
118,Herta Galloway,Female,70,54,84,39,7,hgalloway39@cocolog-nifty.com
119,Carrol Raymont,Male,98,35,98,8,62,craymont3a@ow.ly
120,Cecelia Matys,Female,10,58,75,84,69,cmatys3b@salon.com
121,Mario Bodham,Male,96,5,86,9,48,mbodham3c@scribd.com
122,Marchelle Westhead,Female,77,100,36,79,82,mwesthead3d@surveymonkey.com
123,Tonya Penfold,Female,81,94,41,16,37,tpenfold3e@indiegogo.com
124,Marice Marjoribanks,Female,43,52,69,36,42,mmarjoribanks3f@answers.com
125,Rossy Coldham,Male,29,21,68,13,3,rcoldham3g@tmall.com
126,Vick Erbe,Bigender,63,7,46,6,53,verbe3h@ning.com
127,Babette D'Almeida,Female,38,63,66,26,27,bdalmeida3i@businesswire.com
128,Ignace Bletcher,Male,38,38,13,8,40,ibletcher3j@histats.com
129,Mikkel Klampt,Male,57,13,68,56,53,mklampt3k@google.ca
130,Elvyn Hawkswood,Male,56,86,6,64,40,ehawkswood3l@eventbrite.com
131,Templeton Corwin,Male,44,73,70,77,15,tcorwin3m@fc2.com
132,Mart Hauck,Male,51,17,56,47,88,mhauck3n@google.com
133,Ronny Pinniger,Female,10,44,99,80,33,rpinniger3o@purevolume.com
134,Davine Moubray,Female,44,20,19,87,69,dmoubray3p@about.me
135,Bar Ghest,Male,19,49,75,48,18,bghest3q@digg.com
136,Charmaine Duffell,Female,67,23,13,48,33,cduffell3r@wunderground.com
137,Zelda Buchett,Female,90,25,20,81,85,zbuchett3s@census.gov
138,Sergei Hovard,Male,100,71,76,74,4,shovard3t@wordpress.org
139,Buckie Banke,Male,20,29,38,94,81,bbanke3u@ocn.ne.jp
140,Karoline Spinello,Female,4,100,83,88,49,kspinello3v@creativecommons.org
141,Chantalle Eakins,Polygender,27,86,6,81,7,ceakins3w@ow.ly
142,Billie Learoyde,Female,60,69,95,12,72,blearoyde3x@redcross.org
143,Darcy Northcliffe,Female,68,79,42,87,32,dnorthcliffe3y@ezinearticles.com
144,Marco Scudders,Male,64,93,73,32,98,mscudders3z@npr.org
145,Mildred Tregiddo,Female,77,62,76,16,79,mtregiddo40@dailymail.co.uk
146,Donovan Edgerly,Male,15,74,73,89,41,dedgerly41@mayoclinic.com
147,Siouxie Lillico,Female,17,59,60,15,40,slillico42@baidu.com
148,Legra Tenbrug,Female,64,5,77,83,73,ltenbrug43@surveymonkey.com
149,Sile Erangy,Female,82,81,44,54,90,serangy44@uol.com.br
150,Katine Coniff,Female,90,62,24,24,17,kconiff45@soundcloud.com
151,Anne-marie McSperrin,Female,72,91,86,76,97,amcsperrin46@t.co
152,Alicia Heisman,Female,43,40,18,98,35,aheisman47@si.edu
153,Bellina Stockman,Female,42,53,44,9,95,bstockman48@va.gov
154,Wat Genders,Male,83,8,8,79,49,wgenders49@berkeley.edu
155,Harmonia Cattlemull,Female,41,16,80,7,15,hcattlemull4a@jugem.jp
156,Nicoli Grzegorek,Female,15,41,58,29,15,ngrzegorek4b@wisc.edu
157,Cammi Rocca,Female,21,24,49,4,99,crocca4c@whitehouse.gov
158,Melonie Delong,Female,82,13,7,60,76,mdelong4d@state.tx.us
159,Veriee Brunel,Female,24,77,65,28,9,vbrunel4e@cargocollective.com
160,Lani Alvey,Non-binary,43,12,67,14,41,lalvey4f@de.vu
161,Jereme Calloway,Male,30,38,58,35,80,jcalloway4g@moonfruit.com
162,Hakim Shoemark,Male,66,92,81,34,4,hshoemark4h@bbb.org
163,Zebulon Skuse,Male,69,38,99,46,19,zskuse4i@ameblo.jp
164,Fonzie Iglesias,Male,94,94,71,72,46,figlesias4j@si.edu
165,Alvy Enden,Male,79,27,91,40,61,aenden4k@sitemeter.com
166,Sunshine Rivalant,Female,83,4,83,2,44,srivalant4l@123-reg.co.uk
167,Letitia Brosius,Female,82,59,75,7,49,lbrosius4m@e-recht24.de
168,Blaire Clynter,Female,77,38,11,20,42,bclynter4n@vkontakte.ru
169,Ax Langsdon,Male,15,79,38,63,26,alangsdon4o@tuttocitta.it
170,Marylee Kenna,Female,69,28,29,51,87,mkenna4p@theatlantic.com
171,Gun Wistance,Male,57,11,95,83,80,gwistance4q@blogspot.com
172,Orren Durden,Male,54,35,22,85,88,odurden4r@indiatimes.com
173,Justina Macieja,Female,97,59,92,85,65,jmacieja4s@psu.edu
174,Ethan Niece,Male,22,40,7,73,28,eniece4t@miitbeian.gov.cn
175,Nessie Gibb,Female,36,40,48,17,35,ngibb4u@tmall.com
176,Marris Itzkovwich,Female,29,65,6,71,11,mitzkovwich4v@tinyurl.com
177,Byrann Bru,Male,60,65,20,5,84,bbru4w@usda.gov
178,Evonne Blindt,Female,19,8,63,23,88,eblindt4x@nba.com
179,Othilie Ortelt,Female,54,77,94,92,43,oortelt4y@bbc.co.uk
180,Carlos Osinin,Male,9,23,50,77,86,cosinin4z@java.com
181,Lia Symers,Female,18,27,82,44,78,lsymers50@list-manage.com
182,Benjie Erangey,Male,39,9,40,16,90,berangey51@washington.edu
183,Claresta Cottrill,Female,4,22,63,14,12,ccottrill52@delicious.com
184,Nedda Dyshart,Female,74,68,84,34,47,ndyshart53@uiuc.edu
185,Ilise McGookin,Female,44,43,49,5,45,imcgookin54@moonfruit.com
186,Harland Hunn,Male,3,18,39,12,94,hhunn55@about.com
187,Misty Baelde,Female,74,2,34,86,90,mbaelde56@canalblog.com
188,Tobe Croydon,Male,91,70,84,14,78,tcroydon57@indiegogo.com
189,Josefina Manis,Female,79,31,36,45,77,jmanis58@angelfire.com
190,Dot Badwick,Female,76,92,86,61,40,dbadwick59@51.la
191,Darill Neljes,Male,69,93,69,100,67,dneljes5a@flavors.me
192,Wilden Isaak,Male,24,1,8,52,57,wisaak5b@ft.com
193,Rubie Di Biagio,Female,47,18,60,40,65,rdi5c@mail.ru
194,Ursuline Flemming,Female,52,11,29,29,90,uflemming5d@mlb.com
195,Margi Callister,Female,5,2,70,95,73,mcallister5e@icio.us
196,Katha Grimwade,Bigender,43,48,54,33,100,kgrimwade5f@google.nl
197,Mada Piecha,Female,79,98,70,29,68,mpiecha5g@apple.com
198,Merilyn Adcock,Genderfluid,74,74,55,53,29,madcock5h@blogspot.com
199,Earvin Gurner,Male,91,10,97,2,94,egurner5i@ted.com
200,Monro Bettesworth,Male,37,66,60,1,80,mbettesworth5j@webs.com
201,Rinaldo Batecok,Male,65,42,61,26,58,rbatecok5k@over-blog.com
202,Norma Woolfoot,Female,14,2,17,16,56,nwoolfoot5l@vk.com
203,Noah Sorrell,Male,17,13,17,77,20,nsorrell5m@youtube.com
204,Benoite Widdowes,Female,87,12,8,19,28,bwiddowes5n@123-reg.co.uk
205,Jori Gorringe,Female,40,85,72,75,41,jgorringe5o@smugmug.com
206,Winthrop Lago,Male,20,3,16,80,60,wlago5p@clickbank.net
207,Tye Vearncomb,Male,5,23,21,45,71,tvearncomb5q@yale.edu
208,Othilia Ruskin,Female,6,63,28,22,35,oruskin5r@google.com.br
209,Vernon Larsen,Male,98,85,91,26,9,vlarsen5s@imgur.com
210,Bea Kennler,Female,94,89,65,32,2,bkennler5t@netscape.com
211,Dulcy Westrip,Female,50,30,54,11,98,dwestrip5u@desdev.cn
212,Hynda Meaddowcroft,Female,91,28,23,64,84,hmeaddowcroft5v@nba.com
213,Maddi Oller,Female,14,96,81,41,66,moller5w@stumbleupon.com
214,Ailyn Betz,Female,64,62,60,8,44,abetz5x@google.com.au
215,Jeniffer Behrens,Female,82,30,10,61,44,jbehrens5y@tinyurl.com
216,Blake Burchell,Genderfluid,76,92,64,77,23,bburchell5z@webnode.com
217,Kienan Apedaile,Male,82,68,80,63,98,kapedaile60@feedburner.com
218,Kristoforo Gerber,Male,81,70,46,71,12,kgerber61@paypal.com
219,Gregoor Key,Male,13,64,94,86,69,gkey62@blog.com
220,Dorothee Selesnick,Female,96,89,86,29,91,dselesnick63@bravesites.com
221,Job Danher,Male,74,27,88,82,67,jdanher64@telegraph.co.uk
222,Roxana Craxford,Female,99,40,96,79,62,rcraxford65@yellowpages.com
223,Elvis Tithecott,Male,43,81,57,1,15,etithecott66@reuters.com
224,Fredrick MacPake,Male,81,77,44,77,55,fmacpake67@hud.gov
225,Jenda Purchon,Female,89,74,31,93,7,jpurchon68@trellian.com
226,Lonee Bourthouloume,Genderfluid,46,2,1,20,85,lbourthouloume69@google.es
227,Nichole Ingerson,Male,58,26,32,29,9,ningerson6a@wordpress.com
228,Brigitta Giscken,Female,16,68,15,14,16,bgiscken6b@marriott.com
229,Blake Gullivan,Female,62,72,12,88,13,bgullivan6c@freewebs.com
230,Lilias Denham,Female,60,26,26,31,40,ldenham6d@mediafire.com
231,Rudolf Spurryer,Male,57,42,93,4,95,rspurryer6e@privacy.gov.au
232,Rudie Kirsopp,Male,96,8,94,83,60,rkirsopp6f@archive.org
233,Mattie Jannex,Male,49,22,74,68,36,mjannex6g@posterous.com
234,Flo Ridehalgh,Female,4,14,72,2,29,fridehalgh6h@tinypic.com
235,Bradford Ney,Male,4,4,2,96,76,bney6i@bloglines.com
236,Fianna Bulluck,Female,37,41,18,76,49,fbulluck6j@unc.edu
237,Bernice Thackray,Female,10,61,80,85,57,bthackray6k@nymag.com
238,Merna Dixon,Female,43,7,97,51,94,mdixon6l@sogou.com
239,Bryn Rewan,Non-binary,54,94,81,78,31,brewan6m@deviantart.com
240,Anselm Crowch,Male,45,49,99,6,45,acrowch6n@forbes.com
241,Norby Joules,Male,2,65,93,78,53,njoules6o@epa.gov
242,Dyane Macy,Female,90,80,17,56,23,dmacy6p@weather.com
243,Kyle Olivet,Female,80,47,1,92,28,kolivet6q@boston.com
244,Augusto Cranch,Male,19,20,59,52,17,acranch6r@mediafire.com
245,Friedrich Wiggett,Male,62,83,83,48,17,fwiggett6s@wp.com
246,Anatole Giraldo,Male,38,92,93,95,71,agiraldo6t@ted.com
247,Vivyanne Crossfeld,Bigender,53,87,20,55,74,vcrossfeld6u@theguardian.com
248,Penn Skirving,Male,43,43,40,54,29,pskirving6v@reverbnation.com
249,Dotti Baudoux,Female,93,30,43,29,82,dbaudoux6w@de.vu
250,Talia Spawton,Genderfluid,92,21,61,16,100,tspawton6x@globo.com
251,Jehu Edgars,Male,63,39,40,57,26,jedgars6y@fotki.com
252,Patrice Stickler,Female,5,55,42,3,86,pstickler6z@cafepress.com
253,Carolan Le - Count,Female,92,57,79,53,52,cle70@umn.edu
254,Khalil Sansam,Male,55,4,2,36,17,ksansam71@economist.com
255,Vernon Dahlborg,Male,20,95,35,66,19,vdahlborg72@dyndns.org
256,Des Laker,Male,31,11,97,12,47,dlaker73@sina.com.cn
257,Caralie Petrashkov,Female,55,14,93,75,79,cpetrashkov74@sina.com.cn
258,Hedwiga Peasnone,Female,1,16,20,92,48,hpeasnone75@discuz.net
259,Corby Coolbear,Male,67,24,27,64,81,ccoolbear76@people.com.cn
260,Dorine Tully,Female,80,54,35,76,93,dtully77@oaic.gov.au
261,Kinny Sanpere,Male,68,57,98,2,16,ksanpere78@pcworld.com
262,Janie Idenden,Female,26,17,22,67,79,jidenden79@purevolume.com
263,Anne Filby,Female,96,35,27,31,23,afilby7a@angelfire.com
264,Elfie Leuchars,Female,45,93,73,35,7,eleuchars7b@com.com
265,Lief Joanic,Male,78,57,67,98,37,ljoanic7c@scientificamerican.com
266,Kari Ridd,Female,17,77,80,67,18,kridd7d@scribd.com
267,Tasha Ripon,Bigender,3,73,45,70,76,tripon7e@alibaba.com
268,Kendra Plues,Female,31,27,32,10,58,kplues7f@icq.com
269,Retha Lefridge,Female,93,14,74,90,14,rlefridge7g@desdev.cn
270,Page Blackway,Female,50,94,69,58,67,pblackway7h@techcrunch.com
271,Tressa Surgeoner,Agender,13,44,28,79,82,tsurgeoner7i@bravesites.com
272,Kathy Cogger,Agender,89,21,20,44,11,kcogger7j@hugedomains.com
273,Bert Stanett,Female,76,17,43,5,64,bstanett7k@issuu.com
274,Thacher Daubeny,Male,53,99,84,76,5,tdaubeny7l@reverbnation.com
275,Jacenta Bolin,Female,23,11,98,74,51,jbolin7m@vk.com
276,Loralie Footer,Female,92,97,43,96,27,lfooter7n@pcworld.com
277,Armin Daniello,Male,94,55,7,42,96,adaniello7o@yahoo.com
278,Gaston Abbison,Male,34,18,83,57,3,gabbison7p@vk.com
279,Bernard Cadwallader,Male,68,28,53,90,6,bcadwallader7q@icq.com
280,Ignacius Symington,Male,65,90,10,76,79,isymington7r@1und1.de
281,Inger Bulfoy,Male,7,25,34,42,13,ibulfoy7s@people.com.cn
282,Madel Malin,Female,52,23,45,87,99,mmalin7t@accuweather.com
283,Marty Bavin,Female,41,26,38,63,54,mbavin7u@edublogs.org
284,Jonas McQuaker,Male,40,76,64,70,33,jmcquaker7v@home.pl
285,Otis Crippill,Male,81,32,52,55,56,ocrippill7w@latimes.com
286,Lynn Nozzolii,Male,64,90,30,56,100,lnozzolii7x@tumblr.com
287,Jasen Vondrak,Male,100,67,1,93,60,jvondrak7y@simplemachines.org
288,Farlee Broadberry,Male,57,60,40,32,80,fbroadberry7z@bbc.co.uk
289,Jobey McCullagh,Female,48,87,11,74,12,jmccullagh80@nationalgeographic.com
290,Arleyne Sarsons,Female,19,74,9,41,46,asarsons81@tripod.com
291,Lindsay Clopton,Male,47,73,35,18,39,lclopton82@tripadvisor.com
292,Brandy Rice,Male,37,10,60,9,58,brice83@springer.com
293,Verena Duesbury,Female,88,49,9,1,24,vduesbury84@ustream.tv
294,Lindie Dignan,Agender,17,12,49,71,91,ldignan85@seesaa.net
295,Hughie Boys,Male,56,81,7,100,71,hboys86@rakuten.co.jp
296,Hoyt Zimek,Male,8,15,63,80,25,hzimek87@gov.uk
297,Carmine Breache,Male,52,34,45,80,73,cbreache88@sogou.com
298,Bartholemy Gaw,Male,76,22,65,62,5,bgaw89@blog.com
299,Bevin Frango,Male,30,45,87,60,38,bfrango8a@ask.com
300,Jemie Charker,Female,97,48,17,6,7,jcharker8b@icio.us
301,Tristam Dedman,Male,26,74,20,76,44,tdedman8c@spotify.com
302,Nikolaos Betjeman,Male,27,34,17,33,8,nbetjeman8d@t-online.de
303,Elset Borgars,Female,44,28,48,14,37,eborgars8e@google.fr
304,Nikki Stiggers,Male,37,77,35,97,45,nstiggers8f@usgs.gov
305,Drucill Creddon,Female,71,46,87,19,15,dcreddon8g@unc.edu
306,Adamo Wistance,Male,53,28,5,36,98,awistance8h@latimes.com
307,Allys Spykins,Non-binary,92,30,28,84,73,aspykins8i@comsenz.com
308,Yetty Mitskevich,Female,43,72,84,1,41,ymitskevich8j@smh.com.au
309,Justin Daynter,Male,66,46,12,83,11,jdaynter8k@dmoz.org
310,Algernon Thewlis,Male,35,73,74,2,46,athewlis8l@prlog.org
311,Tate Vannuccini,Male,16,17,96,20,39,tvannuccini8m@msn.com
312,Kasey Tanswell,Female,2,32,70,52,89,ktanswell8n@dropbox.com
313,James Kuna,Male,60,69,79,51,27,jkuna8o@friendfeed.com
314,Nannette Killigrew,Female,55,33,35,83,25,nkilligrew8p@163.com
315,Flem Rehorek,Male,44,100,63,26,58,frehorek8q@cbsnews.com
316,Ham Le Galle,Male,84,97,23,89,3,hle8r@printfriendly.com
317,Crosby Ech,Male,17,19,71,39,35,cech8s@squarespace.com
318,Lottie Franks,Non-binary,80,60,87,69,34,lfranks8t@jiathis.com
319,Andree Filby,Female,6,29,99,12,65,afilby8u@nps.gov
320,Laird Degue,Male,44,94,6,44,79,ldegue8v@tuttocitta.it
321,Sibylla Stroud,Female,8,17,76,63,6,sstroud8w@ucoz.ru
322,Korrie Grigolon,Female,70,80,42,56,31,kgrigolon8x@dmoz.org
323,Tris Aguirrezabala,Male,24,35,3,87,15,taguirrezabala8y@t-online.de
324,Tabbitha Aris,Female,51,62,24,95,85,taris8z@bloglines.com
325,Andria Priel,Female,75,84,37,92,55,apriel90@gmpg.org
326,Alix Morden,Male,13,54,53,70,3,amorden91@indiatimes.com
327,Genevieve Foresight,Female,44,38,51,49,93,gforesight92@github.io
328,Ernestine Hof,Female,49,80,65,52,39,ehof93@liveinternet.ru
329,Bat Gales,Male,44,93,16,84,61,bgales94@mac.com
330,Alleyn Maymond,Male,69,11,93,46,7,amaymond95@com.com
331,Kit Sitlington,Male,98,70,51,91,22,ksitlington96@1688.com
332,Earl Walhedd,Male,40,53,62,28,6,ewalhedd97@shinystat.com
333,Jerry Whatsize,Non-binary,100,6,30,24,30,jwhatsize98@wordpress.org
334,Brenn Jammes,Female,60,37,67,19,77,bjammes99@shutterfly.com
335,Zechariah Coxon,Male,19,38,34,60,37,zcoxon9a@stumbleupon.com
336,Northrop Livsey,Male,8,97,26,31,92,nlivsey9b@skype.com
337,Deane Children,Female,60,38,58,88,58,dchildren9c@plala.or.jp
338,Avrit McGeaney,Female,48,71,16,93,8,amcgeaney9d@newsvine.com
339,Addy Spaducci,Female,43,57,57,35,57,aspaducci9e@miibeian.gov.cn
340,Donny Potteridge,Male,58,92,68,15,32,dpotteridge9f@nsw.gov.au
341,Mychal Cockrem,Male,48,84,98,7,39,mcockrem9g@ox.ac.uk
342,Elihu Jobe,Male,15,54,3,47,33,ejobe9h@histats.com
343,Borden Reschke,Male,83,76,7,65,76,breschke9i@tumblr.com
344,Dinah Cramb,Female,26,35,53,11,88,dcramb9j@de.vu
345,Yasmeen Wyley,Female,64,97,28,69,58,ywyley9k@wiley.com
346,Moira Lamonby,Female,35,75,14,88,6,mlamonby9l@yale.edu
347,Penny Kinsey,Male,1,23,60,33,20,pkinsey9m@t.co
348,Far Gosker,Male,69,1,59,57,88,fgosker9n@rambler.ru
349,Jeralee Uc,Female,77,28,70,77,44,juc9o@sourceforge.net
350,Patsy Wallenger,Female,21,89,72,13,31,pwallenger9p@slate.com
351,Boycey Welford,Male,18,20,40,50,19,bwelford9q@theguardian.com
352,Jennilee Siss,Female,98,62,79,96,15,jsiss9r@cbsnews.com
353,Brand Drewery,Male,47,94,9,75,80,bdrewery9s@google.de
354,Leupold Eyckelbeck,Male,44,73,61,100,31,leyckelbeck9t@mozilla.com
355,Kristy Brereton,Female,91,48,30,18,68,kbrereton9u@i2i.jp
356,Franz Heinzler,Male,55,1,99,69,94,fheinzler9v@skyrock.com
357,Garold Cruddas,Male,17,44,93,77,66,gcruddas9w@tamu.edu
358,Kara Brownsmith,Female,72,91,74,78,62,kbrownsmith9x@gnu.org
359,Trstram Balcombe,Male,38,42,79,53,27,tbalcombe9y@yale.edu
360,Vic Shillito,Male,58,29,64,17,12,vshillito9z@loc.gov
361,Jamie Ribeiro,Female,41,66,30,91,67,jribeiroa0@admin.ch
362,Mikol Demann,Male,75,6,89,7,15,mdemanna1@hugedomains.com
363,Eustace Stickel,Male,85,95,80,65,8,estickela2@yahoo.com
364,Elissa Thorneywork,Non-binary,61,27,61,29,60,ethorneyworka3@opensource.org
365,Sibel Dhenin,Female,80,84,48,83,15,sdhenina4@live.com
366,Mateo Grave,Male,83,80,32,45,85,mgravea5@walmart.com
367,Teressa Garron,Female,15,23,74,54,52,tgarrona6@ameblo.jp
368,Ertha Connock,Female,20,29,63,30,72,econnocka7@house.gov
369,Maurita Kleeman,Female,83,53,90,55,13,mkleemana8@blog.com
370,Jacintha McSpirron,Female,61,67,9,6,33,jmcspirrona9@chicagotribune.com
371,Vance Djuricic,Male,90,31,43,70,32,vdjuricicaa@cocolog-nifty.com
372,Garrek Moncreif,Male,82,100,54,91,88,gmoncreifab@stanford.edu
373,Christa Aspenlon,Female,34,15,99,80,54,caspenlonac@ning.com
374,Rosalia Bridgewood,Female,4,93,33,26,69,rbridgewoodad@ftc.gov
375,Xerxes Scimone,Male,98,47,99,87,73,xscimoneae@admin.ch
376,Eberto Keaves,Male,11,71,73,36,24,ekeavesaf@kickstarter.com
377,Kelsey Clearley,Male,89,47,61,31,22,kclearleyag@people.com.cn
378,Rori Gwilt,Polygender,69,97,96,83,63,rgwiltah@kickstarter.com
379,Marleah Scallan,Female,83,35,76,61,71,mscallanai@ebay.com
380,Ernest Cowdery,Male,84,47,8,80,70,ecowderyaj@sphinn.com
381,Richardo Bassam,Bigender,72,45,82,84,69,rbassamak@usnews.com
382,Brena Kew,Female,15,56,21,70,79,bkewal@howstuffworks.com
383,Karim Le Gassick,Male,80,53,79,9,31,kleam@cmu.edu
384,Addia Fury,Female,96,48,73,39,92,afuryan@umn.edu
385,Rana Tiller,Genderqueer,78,5,22,34,99,rtillerao@twitpic.com
386,Isak Placidi,Male,5,57,11,49,62,iplacidiap@deviantart.com
387,Deeyn Donegan,Female,55,10,61,52,27,ddoneganaq@nymag.com
388,Kamillah Troughton,Agender,15,95,54,95,82,ktroughtonar@booking.com
389,Arleta Megson,Female,10,24,31,4,48,amegsonas@si.edu
390,Bethena Sealeaf,Female,49,82,57,46,47,bsealeafat@tinyurl.com
391,Alistair Leyfield,Male,58,74,25,25,96,aleyfieldau@mozilla.com
392,Sancho Harnett,Male,37,53,18,21,38,sharnettav@amazonaws.com
393,Dee Peppard,Female,72,71,88,59,54,dpeppardaw@hexun.com
394,Matthieu Houchen,Male,64,26,16,53,77,mhouchenax@creativecommons.org
395,Meir Petkovic,Male,49,10,49,53,98,mpetkovicay@wsj.com
396,Lark Sussams,Female,14,96,29,60,5,lsussamsaz@auda.org.au
397,Robbin Ruvel,Female,26,70,44,42,66,rruvelb0@php.net
398,Darcy Maberley,Male,76,60,62,14,20,dmaberleyb1@dion.ne.jp
399,Tomasina Linde,Female,34,68,68,48,25,tlindeb2@ca.gov
400,Torey Cumo,Male,5,12,1,62,45,tcumob3@comcast.net
401,Ezequiel Bowmen,Male,27,88,98,39,15,ebowmenb4@senate.gov
402,Christophorus Coultas,Male,76,21,83,2,94,ccoultasb5@arizona.edu
403,Channa End,Female,35,7,46,89,23,cendb6@va.gov
404,Opaline Mossop,Female,51,98,18,79,54,omossopb7@list-manage.com
405,Nikoletta Prynne,Female,68,28,80,65,29,nprynneb8@dedecms.com
406,Ricca Aldus,Female,78,37,33,9,92,raldusb9@reuters.com
407,Woodie Brogioni,Male,32,51,3,64,9,wbrogioniba@dailymotion.com
408,Giraud Fehely,Male,95,33,12,30,7,gfehelybb@example.com
409,Frederick Narbett,Male,69,81,83,16,31,fnarbettbc@guardian.co.uk
410,Dan Vidler,Genderqueer,92,28,22,50,67,dvidlerbd@house.gov
411,Brunhilde Feely,Female,17,60,45,75,98,bfeelybe@google.pl
412,Kerrill Mariaud,Female,12,64,43,12,76,kmariaudbf@people.com.cn
413,Naoma Harrie,Female,53,40,8,52,79,nharriebg@mtv.com
414,Atalanta Crumpe,Female,95,78,2,47,56,acrumpebh@theatlantic.com
415,Rollie Cundey,Male,3,14,21,58,7,rcundeybi@uiuc.edu
416,Clara Clapham,Female,98,2,30,11,20,cclaphambj@aol.com
417,Temple Sawrey,Male,48,96,88,47,41,tsawreybk@cargocollective.com
418,Leone Munton,Female,83,27,26,67,80,lmuntonbl@yahoo.co.jp
419,Jakie Jaulme,Male,28,30,78,76,37,jjaulmebm@wikipedia.org
420,Silvan Jakubovics,Male,27,4,1,98,90,sjakubovicsbn@freewebs.com
421,Dorise Hoppner,Female,2,71,36,64,84,dhoppnerbo@umich.edu
422,Lexi Piper,Female,37,77,58,72,33,lpiperbp@prweb.com
423,Dallas Nannizzi,Male,15,48,22,64,48,dnannizzibq@amazon.co.jp
424,Juliet Gurko,Female,36,31,7,5,49,jgurkobr@dot.gov
425,Koo Boggas,Female,44,64,93,64,33,kboggasbs@opensource.org
426,Hamil Dunlap,Male,38,68,80,24,98,hdunlapbt@amazonaws.com
427,Joete Jacob,Female,74,77,98,77,26,jjacobbu@mysql.com
428,Fay Newstead,Female,23,75,99,65,79,fnewsteadbv@arizona.edu
429,Tressa Darlasson,Female,77,97,64,94,99,tdarlassonbw@un.org
430,Drew Drowsfield,Male,58,90,49,94,39,ddrowsfieldbx@example.com
431,Tate Lorentz,Female,89,86,43,89,47,tlorentzby@sina.com.cn
432,Dorree Dobrovsky,Bigender,44,40,1,82,89,ddobrovskybz@salon.com
433,Conan Pantlin,Male,20,8,59,4,26,cpantlinc0@nifty.com
434,Mandy Bowdery,Female,91,47,41,76,63,mbowderyc1@dell.com
435,Dolph Dobie,Male,32,29,21,60,62,ddobiec2@t-online.de
436,Harlin Lednor,Male,50,13,44,55,5,hlednorc3@wp.com
437,Gregg Antonov,Male,81,16,19,33,93,gantonovc4@4shared.com
438,Caitrin Esmonde,Polygender,37,97,21,91,67,cesmondec5@infoseek.co.jp
439,Penny Mallinder,Male,66,81,22,77,3,pmallinderc6@hhs.gov
440,Buckie Crowley,Male,8,75,95,50,98,bcrowleyc7@gnu.org
441,Ida Winward,Bigender,77,76,20,12,13,iwinwardc8@bigcartel.com
442,Kevin Attwill,Male,8,11,46,78,96,kattwillc9@youtube.com
443,Filia Marchelli,Female,83,3,21,48,8,fmarchellica@wunderground.com
444,Renard MacMenemy,Male,51,87,91,20,56,rmacmenemycb@youtube.com
445,Johnath Avramchik,Female,77,37,43,80,24,javramchikcc@narod.ru
446,Philbert Becke,Male,59,62,33,48,51,pbeckecd@ustream.tv
447,Talyah Routley,Female,4,70,91,97,34,troutleyce@ustream.tv
448,Danya Ford,Male,47,73,36,67,62,dfordcf@uiuc.edu
449,Almire Simonds,Female,65,54,12,25,21,asimondscg@microsoft.com
450,Luce Heifer,Polygender,12,50,12,57,28,lheiferch@cbsnews.com
451,Corliss Albrooke,Female,38,49,14,4,87,calbrookeci@bloglovin.com
452,Knox Sleath,Male,35,91,26,54,91,ksleathcj@last.fm
453,Cindra Rudram,Female,32,43,86,59,1,crudramck@reddit.com
454,Timofei Cruz,Male,26,72,72,76,63,tcruzcl@msu.edu
455,Glyn Simonsen,Male,70,29,46,6,99,gsimonsencm@amazon.co.jp
456,Lodovico Ledwitch,Male,12,93,73,19,48,lledwitchcn@chron.com
457,Jelene Elbourn,Female,40,39,46,66,100,jelbournco@time.com
458,Leigh Antonik,Female,15,72,71,46,12,lantonikcp@springer.com
459,George Allcorn,Female,4,57,62,1,77,gallcorncq@gnu.org
460,Sylvia Fasset,Female,1,62,86,11,33,sfassetcr@ucsd.edu
461,Lyndsay Roake,Female,52,28,88,22,44,lroakecs@miitbeian.gov.cn
462,Ilene Steggles,Female,38,50,54,60,99,istegglesct@vistaprint.com
463,Bartel Langsdon,Male,29,64,12,2,70,blangsdoncu@chicagotribune.com
464,Denni Britland,Female,99,63,16,70,19,dbritlandcv@deliciousdays.com
465,Elton Pullinger,Male,35,32,63,2,2,epullingercw@buzzfeed.com
466,Norbie Mayhou,Male,42,56,48,84,13,nmayhoucx@sakura.ne.jp
467,Penni Jiran,Female,42,5,51,26,47,pjirancy@bloglines.com
468,Quinton Bartolomucci,Male,62,7,98,79,42,qbartolomuccicz@epa.gov
469,Bevin Harraway,Male,3,21,19,58,88,bharrawayd0@yale.edu
470,Felix Bucktharp,Male,71,17,38,64,94,fbucktharpd1@timesonline.co.uk
471,Florencia Vollam,Female,97,23,28,96,58,fvollamd2@4shared.com
472,Waylen Popescu,Male,31,39,6,92,17,wpopescud3@vimeo.com
473,Caril Teresi,Genderqueer,94,38,79,85,40,cteresid4@dion.ne.jp
474,Rafaello Wheater,Male,16,90,61,19,81,rwheaterd5@cam.ac.uk
475,Edith de Banke,Female,24,77,94,12,42,eded6@printfriendly.com
476,Cleve Tuxell,Male,4,50,47,22,73,ctuxelld7@nih.gov
477,Wilona Bilam,Female,94,13,77,70,31,wbilamd8@prlog.org
478,Gillian Blackleech,Female,35,20,84,41,56,gblackleechd9@usatoday.com
479,Bartolemo Billes,Male,24,91,6,98,95,bbillesda@jiathis.com
480,Nicola Hanstock,Male,45,54,51,86,84,nhanstockdb@123-reg.co.uk
481,Willie East,Male,79,14,82,82,70,weastdc@craigslist.org
482,Steven Gautrey,Polygender,94,29,66,4,46,sgautreydd@infoseek.co.jp
483,Laurella Downton,Female,91,30,45,33,43,ldowntonde@cbc.ca
484,Daffie Mechan,Female,30,3,23,27,14,dmechandf@usa.gov
485,Claus Daffern,Male,39,89,72,25,24,cdafferndg@google.pl
486,Jammal Blitzer,Genderqueer,70,84,60,37,96,jblitzerdh@dyndns.org
487,Jocko Sirett,Male,59,5,64,88,32,jsirettdi@time.com
488,Daryl Barukh,Female,84,19,80,97,35,dbarukhdj@flickr.com
489,Ferdie Sheivels,Male,50,72,44,25,10,fsheivelsdk@tiny.cc
490,Hurley Lauxmann,Male,6,2,58,91,22,hlauxmanndl@liveinternet.ru
491,Constanta Duck,Female,86,39,94,24,65,cduckdm@macromedia.com
492,Kenny Housegoe,Male,82,76,70,33,26,khousegoedn@walmart.com
493,Lorianne Phythien,Genderfluid,30,20,61,10,87,lphythiendo@nps.gov
494,Dorine Gladman,Female,73,2,3,21,49,dgladmandp@apple.com
495,Derril Bassill,Male,71,9,26,36,9,dbassilldq@yale.edu
496,Boniface Collinette,Male,3,3,88,19,53,bcollinettedr@youku.com
497,Kelley Cranidge,Male,2,59,7,75,9,kcranidgeds@huffingtonpost.com
498,Tripp Philippon,Male,45,58,62,97,25,tphilippondt@hao123.com
499,Lorrayne Tregido,Female,9,41,96,40,80,ltregidodu@techcrunch.com
500,Annette Stickings,Female,31,96,71,87,59,astickingsdv@utexas.edu
501,Leopold Martinon,Male,20,72,65,37,66,lmartinondw@wordpress.com
502,Ula Gumbley,Female,100,59,38,76,30,ugumbleydx@timesonline.co.uk
503,Minetta Selcraig,Female,15,21,80,50,2,mselcraigdy@telegraph.co.uk
504,Flss Medlin,Female,37,47,13,38,93,fmedlindz@ycombinator.com
505,Leslie Belham,Male,55,68,90,75,75,lbelhame0@abc.net.au
506,Darren Cooksey,Male,19,22,19,57,66,dcookseye1@nps.gov
507,Tabby Carnie,Male,55,68,98,96,70,tcarniee2@bloomberg.com
508,Debbi Gilligan,Female,88,65,76,86,60,dgilligane3@rediff.com
509,Chrystel Breadon,Female,31,70,16,76,97,cbreadone4@amazonaws.com
510,Ced Shapero,Male,86,2,96,79,90,cshaperoe5@plala.or.jp
511,Brant Scoates,Male,89,93,46,71,89,bscoatese6@admin.ch
512,Erminie Leavold,Female,39,88,98,90,15,eleavolde7@oakley.com
513,Rice Wyldbore,Male,28,11,24,39,85,rwyldboree8@instagram.com
514,Jasmin Delmonti,Female,14,15,50,87,73,jdelmontie9@bloomberg.com
515,Florenza Gonsalo,Genderfluid,79,66,89,52,49,fgonsaloea@is.gd
516,Vin Bines,Female,46,56,8,20,5,vbineseb@google.pl
517,Cullie Vedeneev,Genderqueer,19,67,67,5,98,cvedeneevec@accuweather.com
518,Jacky Brownfield,Male,88,97,87,57,63,jbrownfielded@webnode.com
519,Morley Pedlingham,Male,93,12,46,66,42,mpedlinghamee@eepurl.com
520,Bogart Lynd,Male,94,71,61,73,10,blyndef@netscape.com
521,Othilie Lakes,Female,26,39,64,10,57,olakeseg@ebay.co.uk
522,Victoir Workes,Male,70,30,15,20,27,vworkeseh@slate.com
523,Gil Clubb,Male,56,9,8,92,38,gclubbei@utexas.edu
524,Dionisio Beran,Non-binary,96,6,69,97,2,dberanej@hubpages.com
525,Kristofer Scogin,Male,16,16,66,34,66,kscoginek@slideshare.net
526,Iain Neill,Male,85,71,45,98,47,ineillel@pen.io
527,Arlina Bullivant,Female,43,35,48,62,76,abullivantem@ft.com
528,Nance Girodin,Female,48,90,57,5,80,ngirodinen@nba.com
529,Dena Gislebert,Female,26,55,19,32,54,dgisleberteo@blogs.com
530,Ilene Hinze,Female,86,3,72,48,92,ihinzeep@usatoday.com
531,Cybill Franzetti,Female,32,75,18,60,51,cfranzettieq@webnode.com
532,Fremont Polye,Polygender,23,33,93,86,42,fpolyeer@wix.com
533,Franklin Olley,Bigender,72,46,19,51,34,folleyes@army.mil
534,Dagmar Shepley,Female,61,67,93,1,92,dshepleyet@toplist.cz
535,Renate Gytesham,Female,15,85,28,9,39,rgyteshameu@comsenz.com
536,Suzanna Sent,Female,13,14,47,49,35,ssentev@merriam-webster.com
537,Calley Bryceson,Female,19,77,80,84,64,cbrycesonew@sina.com.cn
538,Neale Schneidar,Male,73,47,14,97,100,nschneidarex@narod.ru
539,Tuckie Romanin,Male,96,9,86,3,34,tromaniney@cnn.com
540,Vittorio Shields,Male,63,79,52,35,6,vshieldsez@cam.ac.uk
541,Wang Baglin,Male,53,37,39,31,43,wbaglinf0@behance.net
542,Jedediah Goreway,Male,44,86,75,55,68,jgorewayf1@shinystat.com
543,Devlen Loweth,Male,80,48,69,86,84,dlowethf2@desdev.cn
544,Verna Sapshed,Female,5,17,83,64,11,vsapshedf3@pinterest.com
545,Ardith Abrahmer,Female,91,80,52,31,75,aabrahmerf4@imdb.com
546,Terencio Huskisson,Male,29,77,56,30,60,thuskissonf5@paypal.com
547,Audre Bartot,Female,72,31,89,74,10,abartotf6@businesswire.com
548,Caresse Lloyds,Female,61,90,41,22,18,clloydsf7@ucoz.ru
549,Ty Corey,Male,12,5,91,93,12,tcoreyf8@altervista.org
550,Mord Broadis,Male,81,26,47,12,89,mbroadisf9@intel.com
551,Garrett Infantino,Male,45,8,36,29,28,ginfantinofa@wikimedia.org
552,Herbert Feathersby,Male,56,16,52,28,77,hfeathersbyfb@guardian.co.uk
553,Pincas Bosket,Male,78,71,91,76,10,pbosketfc@godaddy.com
554,Aindrea Goodluck,Female,5,56,45,7,61,agoodluckfd@behance.net
555,Hillyer Taffee,Male,51,37,56,55,57,htaffeefe@techcrunch.com
556,Arlena Caswill,Female,48,6,49,66,14,acaswillff@sphinn.com
557,Gaylene Greenhough,Female,49,78,79,85,43,ggreenhoughfg@cargocollective.com
558,Kendricks Hallede,Male,55,38,87,19,63,khalledefh@geocities.com
559,Vincent Gurner,Male,77,3,78,5,10,vgurnerfi@w3.org
560,Abbi Druitt,Female,54,40,35,53,55,adruittfj@so-net.ne.jp
561,Randi Liffey,Female,91,10,84,94,60,rliffeyfk@princeton.edu
562,Emelda Castro,Female,5,44,60,6,49,ecastrofl@stanford.edu
563,Ralf Bellanger,Male,31,41,43,98,22,rbellangerfm@boston.com
564,Rod Yong,Male,58,26,24,26,86,ryongfn@sfgate.com
565,Vittoria Wayt,Genderqueer,79,27,9,46,69,vwaytfo@opera.com
566,Dimitri Farre,Male,36,50,12,34,60,dfarrefp@feedburner.com
567,Joanie Algar,Female,94,4,54,9,31,jalgarfq@free.fr
568,Vera Tallis,Female,91,54,9,90,43,vtallisfr@yellowbook.com
569,Shandee Brinsden,Female,67,8,43,25,71,sbrinsdenfs@plala.or.jp
570,Ebony Shallcroff,Female,79,11,41,26,65,eshallcroffft@tripadvisor.com
571,Shawn Potteridge,Male,13,11,91,35,56,spotteridgefu@earthlink.net
572,Clem Thorwarth,Male,98,21,9,48,68,cthorwarthfv@naver.com
573,Ferrell Todarini,Male,64,32,72,5,31,ftodarinifw@dailymotion.com
574,Rosalinda Dach,Female,73,77,10,57,18,rdachfx@webmd.com
575,Leah Packer,Genderqueer,75,52,37,1,53,lpackerfy@illinois.edu
576,Flora Gard,Female,87,59,52,1,49,fgardfz@joomla.org
577,Catlin Founds,Genderqueer,52,52,35,9,18,cfoundsg0@timesonline.co.uk
578,Rafe Spalls,Non-binary,68,40,43,86,95,rspallsg1@si.edu
579,Celka Rickard,Female,31,89,65,48,35,crickardg2@thetimes.co.uk
580,Laurene Furzey,Female,93,63,78,12,37,lfurzeyg3@weather.com
581,Glenn Veschambre,Male,87,65,32,99,75,gveschambreg4@ucsd.edu
582,Andreana Brainsby,Female,32,52,66,77,15,abrainsbyg5@eepurl.com
583,Yolanda Sandle,Female,62,96,54,84,52,ysandleg6@unblog.fr
584,Lorri Butter,Female,9,87,48,34,1,lbutterg7@netscape.com
585,Emylee Chinn,Female,10,51,86,61,67,echinng8@spotify.com
586,Nelle Insoll,Female,22,46,65,55,93,ninsollg9@imageshack.us
587,Netta Zamboniari,Female,67,9,21,55,79,nzamboniariga@theatlantic.com
588,Melitta Tamsett,Female,96,59,57,15,76,mtamsettgb@1und1.de
589,Hermine McKelvie,Female,63,33,41,13,62,hmckelviegc@howstuffworks.com
590,Faythe Sellens,Female,63,73,14,72,83,fsellensgd@wiley.com
591,Byron Pickervance,Polygender,83,59,90,37,45,bpickervancege@arizona.edu
592,Felizio Szach,Male,9,82,16,37,8,fszachgf@dion.ne.jp
593,Noll Toffler,Male,90,34,54,36,85,ntofflergg@hostgator.com
594,Patrizio Burdass,Male,52,57,83,59,15,pburdassgh@deviantart.com
595,Arvy Dyton,Non-binary,74,36,27,75,44,adytongi@reverbnation.com
596,Vito Clemmitt,Male,12,36,5,17,94,vclemmittgj@statcounter.com
597,Warden Lardez,Male,11,51,5,90,74,wlardezgk@themeforest.net
598,Klement Choffin,Male,29,23,99,13,72,kchoffingl@studiopress.com
599,Livvyy Tratton,Female,86,37,3,48,70,ltrattongm@vkontakte.ru
600,Conney Jellard,Male,88,83,52,66,78,cjellardgn@tiny.cc
601,Ethelda Falconbridge,Female,28,84,62,56,39,efalconbridgego@360.cn
602,Randy Linfitt,Female,81,25,78,34,75,rlinfittgp@marketwatch.com
603,Quill Watkin,Male,60,17,93,37,30,qwatkingq@wired.com
604,Guido Robeiro,Male,72,1,81,30,27,grobeirogr@google.ca
605,Calida Van Hault,Female,38,3,55,97,47,cvangs@washingtonpost.com
606,Kin Giorgiutti,Male,87,2,35,64,8,kgiorgiuttigt@woothemes.com
607,Inge Livick,Female,79,77,28,12,14,ilivickgu@sourceforge.net
608,Uriel Biddleston,Male,18,24,79,91,88,ubiddlestongv@timesonline.co.uk
609,Alvinia Bernette,Female,24,83,95,55,93,abernettegw@issuu.com
610,Matias Camoys,Male,40,30,54,3,88,mcamoysgx@behance.net
611,Malva Ebbin,Genderqueer,65,36,84,55,30,mebbingy@pagesperso-orange.fr
612,Burty Cowerd,Male,79,18,93,100,9,bcowerdgz@cnbc.com
613,Krystyna Hackett,Female,10,20,29,18,86,khacketth0@1688.com
614,Munroe Driver,Male,8,42,67,67,78,mdriverh1@dailymail.co.uk
615,Berri Brolechan,Female,26,44,16,48,19,bbrolechanh2@vimeo.com
616,Adore Gouldie,Genderqueer,13,17,45,52,76,agouldieh3@senate.gov
617,Eduardo Chene,Male,44,91,1,29,3,echeneh4@theatlantic.com
618,Salomo Lars,Male,42,3,79,1,3,slarsh5@paypal.com
619,Aymer Elsmore,Male,65,70,94,39,22,aelsmoreh6@accuweather.com
620,Robina Newband,Female,50,85,40,69,66,rnewbandh7@ed.gov
621,Oralle de Bullion,Female,26,54,50,32,4,odeh8@zimbio.com
622,Kate Iohananof,Female,52,80,90,54,45,kiohananofh9@archive.org
623,Iormina Brickstock,Female,47,8,78,29,73,ibrickstockha@disqus.com
624,Minna Harriagn,Female,7,29,7,98,2,mharriagnhb@twitter.com
625,Chet Dei,Male,15,18,66,94,13,cdeihc@about.me
626,Alene Diamant,Female,10,23,11,84,67,adiamanthd@marriott.com
627,Robinet Duly,Female,33,61,30,39,53,rdulyhe@hugedomains.com
628,Merwin Abisetti,Male,2,95,2,100,18,mabisettihf@cyberchimps.com
629,Balduin Scaplehorn,Male,62,4,2,28,2,bscaplehornhg@youku.com
630,Stella Strevens,Female,13,75,9,30,99,sstrevenshh@un.org
631,Goldina Prescote,Female,63,10,9,99,57,gprescotehi@livejournal.com
632,Wyndham Ledeker,Male,16,55,51,100,11,wledekerhj@businessinsider.com
633,Sibelle Fairnie,Female,57,9,89,28,91,sfairniehk@tumblr.com
634,Wright Jayume,Male,7,9,12,95,4,wjayumehl@marketwatch.com
635,Desirae Drakes,Female,48,58,72,56,46,ddrakeshm@mediafire.com
636,Phillip Kell,Male,90,23,68,3,86,pkellhn@ycombinator.com
637,Felice Ca,Male,11,84,23,7,53,fcaho@csmonitor.com
638,Konstantin McQuorkell,Male,2,77,45,48,75,kmcquorkellhp@1688.com
639,Rog Ruddoch,Male,93,76,70,51,45,rruddochhq@sbwire.com
640,Ollie Upchurch,Female,74,99,48,47,30,oupchurchhr@joomla.org
641,Krishnah Danahar,Male,31,97,38,77,21,kdanaharhs@tripod.com
642,Fernando Cristofano,Male,38,30,54,77,7,fcristofanoht@amazon.co.jp
643,Corny Fawthrop,Female,85,23,44,8,36,cfawthrophu@gov.uk
644,Armin Fodden,Male,79,2,35,61,55,afoddenhv@livejournal.com
645,Papageno Langlais,Male,29,24,12,31,77,planglaishw@bravesites.com
646,Sigismond Strass,Polygender,82,60,62,92,33,sstrasshx@pagesperso-orange.fr
647,Skell Annice,Male,1,22,8,47,68,sannicehy@dropbox.com
648,Reade Gumbley,Male,89,72,53,53,12,rgumbleyhz@census.gov
649,Holden Tourville,Agender,26,54,54,46,37,htourvillei0@imgur.com
650,Jeanie Havenhand,Female,23,99,18,88,30,jhavenhandi1@flavors.me
651,Trip Neasham,Male,8,85,26,61,60,tneashami2@wired.com
652,Engelbert Eayres,Male,39,37,91,74,8,eeayresi3@cornell.edu
653,Pearline Sealy,Female,100,24,17,2,41,psealyi4@nyu.edu
654,Reinhard Herreros,Male,1,26,3,56,56,rherrerosi5@gmpg.org
655,Devan Readshall,Female,67,92,86,82,23,dreadshalli6@slate.com
656,Moishe Cornell,Male,28,96,65,96,74,mcornelli7@mayoclinic.com
657,Rachel Draysey,Female,56,20,22,26,93,rdrayseyi8@merriam-webster.com
658,Drusilla Parmiter,Female,72,85,97,32,31,dparmiteri9@instagram.com
659,Melosa Lebang,Female,38,43,22,95,13,mlebangia@biglobe.ne.jp
660,Wendi Feldbaum,Female,51,66,2,51,4,wfeldbaumib@cnn.com
661,Nadean Petrishchev,Female,41,24,16,78,100,npetrishchevic@ucsd.edu
662,Jacinta Hallitt,Female,98,20,1,2,98,jhallittid@pen.io
663,Odelle Lillyman,Bigender,28,37,86,12,87,olillymanie@nyu.edu
664,Barbi Leveret,Female,69,83,93,3,69,bleveretif@altervista.org
665,Charlotte Mulbery,Female,50,6,53,60,12,cmulberyig@hibu.com
666,Anastassia Jump,Female,75,35,24,2,44,ajumpih@craigslist.org
667,Vicki Thwaites,Female,75,27,3,29,48,vthwaitesii@domainmarket.com
668,Kane Brisard,Genderfluid,59,71,7,9,54,kbrisardij@answers.com
669,Carver Vedenichev,Male,96,28,44,29,43,cvedenichevik@friendfeed.com
670,Clevie Pursglove,Male,11,32,79,17,79,cpursgloveil@thetimes.co.uk
671,Damiano McBrearty,Male,53,57,44,49,24,dmcbreartyim@csmonitor.com
672,Rufus Jannequin,Male,29,6,57,49,12,rjannequinin@dion.ne.jp
673,Brent Cantua,Male,11,18,42,57,86,bcantuaio@com.com
674,Ansel Muneely,Male,61,44,71,29,42,amuneelyip@newsvine.com
675,Tabb Riddiough,Male,93,55,1,59,98,triddioughiq@list-manage.com
676,Humbert Hurdiss,Male,13,91,59,25,67,hhurdissir@creativecommons.org
677,Rutter Kemetz,Male,47,86,12,70,54,rkemetzis@live.com
678,Mariann Woodburne,Female,41,61,27,65,82,mwoodburneit@nba.com
679,Caddric Marxsen,Agender,95,90,76,6,69,cmarxseniu@spiegel.de
680,Adelheid Davidavidovics,Female,32,50,73,69,99,adavidavidovicsiv@whitehouse.gov
681,Janka Maith,Female,60,12,51,75,93,jmaithiw@scribd.com
682,Angelique Claridge,Female,2,99,76,15,82,aclaridgeix@reuters.com
683,Zack Nardrup,Male,15,19,33,25,8,znardrupiy@theatlantic.com
684,Valentina Farley,Female,55,14,7,22,48,vfarleyiz@indiegogo.com
685,Carmine Gosnall,Female,4,76,51,92,63,cgosnallj0@redcross.org
686,Anica Scrinage,Female,32,11,73,54,39,ascrinagej1@dyndns.org
687,Chauncey Ohms,Male,74,74,32,43,71,cohmsj2@joomla.org
688,Susie Fonte,Female,5,70,71,56,1,sfontej3@163.com
689,Adria Beatson,Female,87,17,93,54,77,abeatsonj4@uiuc.edu
690,Stavro Tuiller,Male,52,82,53,87,69,stuillerj5@bluehost.com
691,Adam Triggle,Bigender,61,7,90,56,65,atrigglej6@google.es
692,Leslie Isselee,Female,21,85,40,27,49,lisseleej7@craigslist.org
693,Denni Sculley,Female,2,71,95,82,99,dsculleyj8@cnet.com
694,Celina Chevolleau,Female,14,58,40,64,61,cchevolleauj9@squidoo.com
695,Barbette Sandever,Female,37,58,63,75,86,bsandeverja@phpbb.com
696,Virgilio Piesold,Male,70,70,76,28,70,vpiesoldjb@cocolog-nifty.com
697,Inga Chalker,Female,27,74,22,44,91,ichalkerjc@epa.gov
698,Herman Reignould,Male,33,44,56,1,96,hreignouldjd@amazonaws.com
699,Garik Duckinfield,Male,18,94,23,44,59,gduckinfieldje@bluehost.com
700,Pippo Souch,Male,58,34,26,40,1,psouchjf@imdb.com
701,Warren Parsonage,Male,70,58,64,49,62,wparsonagejg@army.mil
702,Garret Meddemmen,Genderqueer,60,37,9,44,98,gmeddemmenjh@istockphoto.com
703,Jeth Jarratt,Male,1,77,74,61,34,jjarrattji@netlog.com
704,Tilda Botly,Female,40,24,43,33,97,tbotlyjj@cbslocal.com
705,Hillard Kibel,Male,57,62,90,99,17,hkibeljk@blogtalkradio.com
706,Korey Holah,Male,91,96,73,90,4,kholahjl@odnoklassniki.ru
707,Rhianna Chaloner,Female,55,82,46,8,57,rchalonerjm@nydailynews.com
708,Car Comport,Polygender,34,48,5,47,47,ccomportjn@bandcamp.com
709,Wolfie Standingford,Male,2,73,39,38,78,wstandingfordjo@who.int
710,Sula Petofi,Female,81,62,97,57,39,spetofijp@bizjournals.com
711,Alanson Grollmann,Male,7,62,48,47,98,agrollmannjq@gnu.org
712,Mureil Chalice,Female,39,72,69,6,94,mchalicejr@icq.com
713,Norene Lewisham,Female,5,62,83,79,55,nlewishamjs@altervista.org
714,Marilyn Gauld,Female,14,24,92,24,34,mgauldjt@parallels.com
715,Raynell Mandell,Female,80,51,89,33,39,rmandellju@chicagotribune.com
716,Land Cristofalo,Male,86,91,23,58,90,lcristofalojv@marketwatch.com
717,Darice Scotti,Genderfluid,37,54,58,62,90,dscottijw@guardian.co.uk
718,Mischa Sanderson,Male,33,29,61,71,32,msandersonjx@bbb.org
719,Mela Sambals,Female,63,73,81,77,66,msambalsjy@wordpress.org
720,Petronilla Burnip,Female,15,45,67,24,17,pburnipjz@wisc.edu
721,Marshall Gorvin,Agender,68,61,41,86,29,mgorvink0@blinklist.com
722,Skip Bengtson,Male,24,94,32,51,71,sbengtsonk1@unicef.org
723,Leonidas Aldridge,Male,10,52,40,98,88,laldridgek2@1688.com
724,Ulrick Tellett,Male,72,41,78,89,66,utellettk3@qq.com
725,Gavra Beesey,Female,28,57,5,42,94,gbeeseyk4@ted.com
726,Evy Gritsunov,Female,6,69,60,82,87,egritsunovk5@netlog.com
727,Arte Stares,Male,88,26,89,43,40,astaresk6@mysql.com
728,Findley Kielt,Male,60,6,48,61,75,fkieltk7@smugmug.com
729,Cesya Trimble,Bigender,32,8,70,96,30,ctrimblek8@altervista.org
730,Farlie Brennenstuhl,Male,50,76,27,18,45,fbrennenstuhlk9@hexun.com
731,Emmie Casaccia,Female,22,16,93,4,65,ecasacciaka@nasa.gov
732,Minnaminnie McDougald,Female,6,78,62,12,86,mmcdougaldkb@engadget.com
733,Gordon Crinkley,Male,39,49,81,52,19,gcrinkleykc@latimes.com
734,Warde Bromehed,Male,6,23,25,28,55,wbromehedkd@omniture.com
735,Micheil Krook,Male,2,40,5,57,49,mkrookke@army.mil
736,Clemmie Ramsted,Non-binary,11,32,28,38,77,cramstedkf@wufoo.com
737,Hildegaard Muschette,Female,12,8,37,92,67,hmuschettekg@seesaa.net
738,Henryetta Plumley,Genderfluid,20,43,38,79,50,hplumleykh@mediafire.com
739,Otho Stickells,Male,90,69,8,79,46,ostickellski@rakuten.co.jp
740,Phoebe McReedy,Female,11,27,71,30,39,pmcreedykj@aol.com
741,Reena Faichnie,Female,23,23,46,44,88,rfaichniekk@vkontakte.ru
742,Conny Breens,Female,59,65,76,48,55,cbreenskl@addthis.com
743,Priscilla Bowdrey,Female,84,33,31,97,26,pbowdreykm@dmoz.org
744,Carlie St. Quentin,Male,42,27,17,59,66,cstkn@omniture.com
745,Elsi Cooke,Female,68,76,28,1,84,ecookeko@bing.com
746,Otis Fruin,Agender,79,87,5,36,28,ofruinkp@icq.com
747,Marietta Mutch,Male,55,10,51,23,59,mmutchkq@google.fr
748,Carlye Gostling,Female,52,44,49,80,2,cgostlingkr@amazon.de
749,Cliff Novic,Male,55,89,20,77,22,cnovicks@artisteer.com
750,Dyanna Ginnelly,Female,61,89,66,4,93,dginnellykt@parallels.com
751,Elyse Petley,Female,96,55,23,81,53,epetleyku@hud.gov
752,Laurie Quinnelly,Male,15,45,18,79,4,lquinnellykv@ezinearticles.com
753,Bryce McElhinney,Male,10,85,91,95,76,bmcelhinneykw@infoseek.co.jp
754,Molly Shillum,Female,13,26,87,42,58,mshillumkx@skyrock.com
755,Town Speak,Male,92,25,30,4,80,tspeakky@buzzfeed.com
756,Beverlee Leech,Female,9,69,93,49,41,bleechkz@hud.gov
757,Fancie Antonutti,Female,11,22,93,10,86,fantonuttil0@census.gov
758,Lenna Lambell,Female,82,77,16,37,28,llambelll1@weather.com
759,Ramon Ing,Male,24,85,53,79,49,ringl2@mozilla.com
760,Marthe Pyne,Female,64,3,74,43,68,mpynel3@istockphoto.com
761,Eb Arson,Genderqueer,89,27,21,12,44,earsonl4@canalblog.com
762,Haywood Pither,Male,57,13,89,36,61,hpitherl5@cisco.com
763,Kanya Stubbings,Female,84,72,56,8,27,kstubbingsl6@forbes.com
764,Frederico Waugh,Male,70,73,7,94,39,fwaughl7@upenn.edu
765,Chevy Widdall,Male,10,60,72,56,61,cwiddalll8@macromedia.com
766,Enrika Steinor,Female,95,100,74,97,43,esteinorl9@nymag.com
767,Dan Neles,Male,57,90,64,27,3,dnelesla@chron.com
768,Ailis Joynson,Female,26,45,58,88,97,ajoynsonlb@lulu.com
769,Ric Moston,Male,5,57,12,45,59,rmostonlc@booking.com
770,Katharine Townley,Female,80,53,4,27,37,ktownleyld@ow.ly
771,Vivianne Baton,Female,17,14,23,3,87,vbatonle@shutterfly.com
772,Lazaro Bogue,Male,38,97,100,43,28,lboguelf@theglobeandmail.com
773,Emelyne Goomes,Non-binary,85,13,55,26,36,egoomeslg@wired.com
774,Celka Swadlin,Female,25,86,34,90,79,cswadlinlh@squarespace.com
775,Nickolas Bum,Male,34,92,30,74,3,nbumli@ucoz.com
776,Doyle Looks,Male,31,64,37,67,15,dlookslj@com.com
777,Twyla Blades,Female,54,14,32,49,26,tbladeslk@zimbio.com
778,Joel MacNaughton,Male,35,98,62,41,74,jmacnaughtonll@admin.ch
779,Eirena Bertot,Female,55,38,39,52,32,ebertotlm@nationalgeographic.com
780,Danielle Shutler,Female,70,10,56,63,14,dshutlerln@dion.ne.jp
781,Muriel Christian,Agender,62,83,72,59,86,mchristianlo@a8.net
782,Mychal Haffard,Male,3,62,83,94,96,mhaffardlp@flickr.com
783,Anitra Tutin,Female,48,27,97,19,54,atutinlq@google.de
784,Patin Kulas,Male,27,82,78,98,44,pkulaslr@vimeo.com
785,Jaymie Paskin,Male,79,56,81,48,1,jpaskinls@apple.com
786,Desmond Batrop,Male,63,7,14,97,77,dbatroplt@xing.com
787,Tomi Franckton,Female,79,2,15,1,10,tfrancktonlu@thetimes.co.uk
788,Robyn Brinicombe,Female,85,49,50,88,73,rbrinicombelv@ebay.co.uk
789,Brannon Stallen,Male,50,71,79,81,2,bstallenlw@sun.com
790,Lindsey Durran,Male,1,52,1,85,25,ldurranlx@weebly.com
791,Aleta Loughton,Female,98,62,17,13,36,aloughtonly@uiuc.edu
792,Cindi Rigardeau,Female,9,3,37,90,37,crigardeaulz@apache.org
793,Fabian Bassett,Male,87,87,91,77,30,fbassettm0@tumblr.com
794,Meridith Aldhous,Female,41,5,90,27,22,maldhousm1@bravesites.com
795,Bernette Ashdown,Female,74,24,81,89,29,bashdownm2@cbslocal.com
796,Willi Como,Bigender,35,16,27,91,70,wcomom3@theatlantic.com
797,Cloris McCullen,Female,14,85,86,50,48,cmccullenm4@ning.com
798,Vince Ibert,Male,69,91,77,23,17,vibertm5@mail.ru
799,Gipsy Dearness,Female,69,56,18,37,34,gdearnessm6@trellian.com
800,Lowell Anten,Male,1,3,88,13,27,lantenm7@histats.com
801,Milena Chern,Female,2,43,48,94,2,mchernm8@imgur.com
802,Charyl Kerin,Female,13,56,50,82,39,ckerinm9@delicious.com
803,Josephina Burgh,Female,8,43,51,79,21,jburghma@simplemachines.org
804,Shelden Klyn,Male,51,15,78,64,16,sklynmb@liveinternet.ru
805,Magdalena O'Downe,Female,71,74,52,67,10,modownemc@elegantthemes.com
806,Cybill Meddick,Female,96,19,33,100,25,cmeddickmd@godaddy.com
807,Martynne Battison,Genderfluid,29,3,5,94,66,mbattisonme@globo.com
808,Shadow Baseley,Male,74,67,98,33,35,sbaseleymf@utexas.edu
809,Delainey Balshaw,Male,10,41,21,66,88,dbalshawmg@moonfruit.com
810,Bernadene Sibray,Female,45,93,30,55,4,bsibraymh@cbslocal.com
811,Wit Dunmore,Genderqueer,84,95,50,87,24,wdunmoremi@quantcast.com
812,Moyra Gooddie,Female,12,49,23,4,41,mgooddiemj@woothemes.com
813,Vonni Pooley,Female,28,96,9,8,80,vpooleymk@mysql.com
814,Luci Garlette,Female,69,51,61,10,94,lgarletteml@tinyurl.com
815,Pauly Freiburger,Female,81,59,46,86,11,pfreiburgermm@berkeley.edu
816,Harmon O' Lone,Male,33,70,16,38,29,homn@youku.com
817,Silvan Gilchrest,Male,53,76,74,3,100,sgilchrestmo@house.gov
818,Nolly Carslake,Male,52,32,47,23,8,ncarslakemp@rediff.com
819,Bernard Nunnery,Male,1,43,30,31,7,bnunnerymq@123-reg.co.uk
820,Ignatius Bradlaugh,Male,96,55,36,16,2,ibradlaughmr@rediff.com
821,Nikolaus Van de Velde,Male,76,77,96,84,16,nvanms@youku.com
822,Marlon Menhci,Male,93,43,75,57,26,mmenhcimt@liveinternet.ru
823,Guillemette Grishanin,Female,28,87,35,65,89,ggrishaninmu@icq.com
824,Verney Wheble,Male,16,11,10,85,13,vwheblemv@edublogs.org
825,Reyna Wykey,Polygender,65,21,69,56,62,rwykeymw@imageshack.us
826,Mariquilla Tarzey,Female,31,2,83,46,48,mtarzeymx@moonfruit.com
827,Karel Whittick,Male,95,50,53,97,46,kwhittickmy@trellian.com
828,Viv McKomb,Female,33,61,20,33,5,vmckombmz@51.la
829,Ahmad Luchetti,Male,67,71,37,87,19,aluchettin0@ibm.com
830,Haze Boodle,Male,54,79,24,38,64,hboodlen1@ucla.edu
831,Nick Hannam,Male,47,24,12,92,22,nhannamn2@bloomberg.com
832,Manda Ivashinnikov,Female,24,2,83,30,4,mivashinnikovn3@cisco.com
833,Kiel Chasson,Male,38,14,70,39,26,kchassonn4@ovh.net
834,Shanon Jeanon,Female,67,1,93,22,51,sjeanonn5@salon.com
835,Madlen Plumridge,Female,8,73,50,43,17,mplumridgen6@google.es
836,Jordain Sigmund,Female,15,1,79,21,16,jsigmundn7@last.fm
837,Percy McGahern,Male,88,64,77,37,82,pmcgahernn8@feedburner.com
838,Rickie Sherrocks,Male,92,29,43,12,64,rsherrocksn9@sohu.com
839,Editha Tripon,Female,26,14,52,57,59,etriponna@discuz.net
840,Ogdon Josskowitz,Male,37,32,40,12,76,ojosskowitznb@newsvine.com
841,Joshia Keeltagh,Male,96,87,98,39,25,jkeeltaghnc@comcast.net
842,Kimble Murdy,Male,10,5,69,85,32,kmurdynd@taobao.com
843,Basile Ellison,Male,78,61,81,65,94,bellisonne@java.com
844,Bel Wile,Female,63,64,9,28,83,bwilenf@utexas.edu
845,Jessee Siene,Male,59,12,100,57,8,jsieneng@opera.com
846,Donnie McConnel,Male,51,49,37,51,52,dmcconnelnh@nifty.com
847,Mychal Elener,Male,5,14,8,18,79,melenerni@pen.io
848,Lacey Janus,Polygender,2,80,50,36,86,ljanusnj@wordpress.org
849,Sibeal Reimers,Female,20,34,31,68,79,sreimersnk@unicef.org
850,Bradley Leppington,Male,70,94,7,1,71,bleppingtonnl@github.io
851,Abram Egdal,Male,47,7,89,81,8,aegdalnm@theatlantic.com
852,Sonnnie Whitehair,Genderqueer,52,94,70,7,9,swhitehairnn@tripadvisor.com
853,Foster Bucke,Male,65,9,17,84,83,fbuckeno@bbc.co.uk
854,Connor Scala,Male,27,72,2,51,85,cscalanp@virginia.edu
855,Leland Pencost,Bigender,4,20,16,8,24,lpencostnq@xinhuanet.com
856,Monty Morris,Male,92,81,43,83,59,mmorrisnr@hao123.com
857,Guthrey Pedrocchi,Agender,60,98,13,67,25,gpedrocchins@squarespace.com
858,Pia Renison,Female,68,40,38,26,16,prenisonnt@answers.com
859,Merrilee Playdon,Female,67,34,61,78,16,mplaydonnu@senate.gov
860,Lothaire Sporton,Male,45,45,61,71,78,lsportonnv@msu.edu
861,Dag Meiklejohn,Male,63,26,31,9,83,dmeiklejohnnw@163.com
862,Tait Leupold,Male,9,76,66,65,37,tleupoldnx@cornell.edu
863,Jeddy O'Rafferty,Male,5,44,75,39,55,joraffertyny@gov.uk
864,Angelita Francklyn,Female,72,42,80,75,45,afrancklynnz@utexas.edu
865,Hyacinthe Kneafsey,Female,50,35,64,4,32,hkneafseyo0@clickbank.net
866,Kaleena Huntall,Female,17,38,63,16,8,khuntallo1@mit.edu
867,Hadleigh Inchbald,Male,42,27,42,15,55,hinchbaldo2@alexa.com
868,Price Tunder,Male,50,55,27,67,12,ptundero3@w3.org
869,Georgena Joslyn,Non-binary,87,33,87,19,69,gjoslyno4@liveinternet.ru
870,Sky Rushworth,Male,74,41,35,36,74,srushwortho5@google.com.au
871,Jennette Giraudy,Female,39,63,100,45,4,jgiraudyo6@indiegogo.com
872,Leighton Dowdney,Male,1,35,87,10,34,ldowdneyo7@booking.com
873,Zachariah Shapira,Male,62,64,22,7,95,zshapirao8@ihg.com
874,Ekaterina Matieu,Female,26,19,28,48,70,ematieuo9@freewebs.com
875,Malchy Godbald,Male,62,85,10,12,16,mgodbaldoa@blogger.com
876,Kalina Fardy,Female,92,38,45,71,48,kfardyob@arizona.edu
877,Harrie Denkel,Female,61,85,3,69,18,hdenkeloc@psu.edu
878,Lynnette Vagg,Female,82,72,76,33,6,lvaggod@mapy.cz
879,Cathie Torrejon,Female,87,30,9,69,62,ctorrejonoe@sciencedirect.com
880,Mame Gwinn,Polygender,59,1,16,39,81,mgwinnof@slate.com
881,Moses Graffham,Male,26,88,22,35,87,mgraffhamog@globo.com
882,Garrick Gaywood,Genderqueer,13,16,11,51,87,ggaywoodoh@github.com
883,Angel Steward,Male,1,48,13,66,18,astewardoi@wufoo.com
884,Danit Starford,Non-binary,66,44,60,34,49,dstarfordoj@deviantart.com
885,Laetitia Legat,Female,51,61,66,32,64,llegatok@wikia.com
886,Marchall Batterham,Male,61,72,13,88,31,mbatterhamol@cnn.com
887,Brod Caven,Male,70,14,57,11,94,bcavenom@pagesperso-orange.fr
888,Allayne Cargill,Male,78,1,50,76,90,acargillon@spotify.com
889,Tonya Scuse,Non-binary,25,22,16,86,41,tscuseoo@last.fm
890,Yorgos Pratte,Male,24,80,40,59,15,ypratteop@soundcloud.com
891,Pearla Willshear,Female,24,70,77,52,20,pwillshearoq@domainmarket.com
892,Carlene Irnis,Female,21,23,63,77,62,cirnisor@sfgate.com
893,Ceil Sivier,Female,64,42,87,3,91,csivieros@gravatar.com
894,Stanislaus Lawson,Genderqueer,11,62,36,100,61,slawsonot@list-manage.com
895,Thaddeus Blackstone,Male,25,25,80,60,41,tblackstoneou@comcast.net
896,Emmett Turfs,Male,69,68,90,28,89,eturfsov@umich.edu
897,Chev Firbanks,Male,100,99,92,41,32,cfirbanksow@ihg.com
898,Corty Whitely,Male,41,72,23,37,10,cwhitelyox@bloglines.com
899,Roslyn McInteer,Female,99,60,11,55,6,rmcinteeroy@seesaa.net
900,Trina Skinner,Female,14,68,64,70,75,tskinneroz@joomla.org
901,Alejandra Dowsing,Female,31,54,62,59,58,adowsingp0@independent.co.uk
902,Cece McGeever,Male,16,82,5,52,2,cmcgeeverp1@illinois.edu
903,Wit Spurrior,Male,65,78,4,23,72,wspurriorp2@google.com.hk
904,Noble Dunstone,Agender,54,24,16,56,6,ndunstonep3@exblog.jp
905,Nikoletta Nutley,Female,94,24,72,9,89,nnutleyp4@omniture.com
906,Adrea Hawkett,Female,48,7,62,95,28,ahawkettp5@home.pl
907,Elga Asple,Female,15,56,22,69,51,easplep6@prlog.org
908,Ofelia Moreby,Agender,66,80,83,3,65,omorebyp7@guardian.co.uk
909,Ninon Drohan,Female,10,93,97,61,77,ndrohanp8@reuters.com
910,Stacee Lamey,Female,27,49,48,53,77,slameyp9@wikipedia.org
911,Frasquito Abercromby,Male,56,11,52,66,40,fabercrombypa@hud.gov
912,Sasha Pillinger,Polygender,62,81,30,59,72,spillingerpb@skyrock.com
913,Mattie Scown,Female,10,63,78,91,52,mscownpc@jugem.jp
914,June O'Bradain,Female,28,58,23,43,94,jobradainpd@adobe.com
915,Bonni Beany,Female,27,36,94,69,78,bbeanype@ow.ly
916,Dolley Woolward,Female,15,51,80,92,16,dwoolwardpf@feedburner.com
917,Christophorus Breem,Male,89,45,7,59,87,cbreempg@last.fm
918,Cozmo Browell,Male,78,92,91,51,51,cbrowellph@wikimedia.org
919,Wat Tchir,Male,7,17,81,79,30,wtchirpi@businessinsider.com
920,Susan Filchagin,Female,32,96,60,89,71,sfilchaginpj@who.int
921,Chase Vernay,Male,53,88,47,96,87,cvernaypk@ycombinator.com
922,Forster Marke,Male,72,74,27,24,83,fmarkepl@theglobeandmail.com
923,Nelly Plett,Female,77,9,67,75,82,nplettpm@gov.uk
924,Fredek Belf,Male,48,59,61,26,11,fbelfpn@yahoo.com
925,Carolann Harrow,Female,9,36,47,7,9,charrowpo@mapy.cz
926,Denna Gregory,Female,36,56,54,49,84,dgregorypp@flavors.me
927,Olivia Allewell,Non-binary,4,14,79,20,43,oallewellpq@a8.net
928,Cassi Giacometti,Female,9,32,29,57,55,cgiacomettipr@mapy.cz
929,Welch Mackison,Male,29,66,49,10,30,wmackisonps@w3.org
930,Mariette Heffernon,Female,89,80,81,62,82,mheffernonpt@blog.com
931,Isidora Fazakerley,Female,2,26,89,84,39,ifazakerleypu@thetimes.co.uk
932,Jerrold Stein,Male,36,86,81,97,83,jsteinpv@tinyurl.com
933,Bryn Montgomery,Male,69,27,20,57,70,bmontgomerypw@storify.com
934,Jan Earwicker,Female,90,2,73,91,63,jearwickerpx@mail.ru
935,Julienne Pasfield,Female,90,35,91,24,58,jpasfieldpy@acquirethisname.com
936,Alyse Colin,Female,73,39,98,10,76,acolinpz@bloglovin.com
937,Mathew Calven,Male,68,30,44,92,66,mcalvenq0@dell.com
938,Stuart Kerbey,Male,61,6,1,41,40,skerbeyq1@census.gov
939,Aylmer Hanrahan,Male,74,34,97,45,37,ahanrahanq2@nymag.com
940,Fanny Jemmett,Genderfluid,23,19,33,4,78,fjemmettq3@behance.net
941,Mellisa Klehn,Female,57,6,98,5,50,mklehnq4@linkedin.com
942,Angie Stopps,Genderfluid,87,92,7,89,8,astoppsq5@a8.net
943,Kiri Smieton,Female,99,16,43,95,13,ksmietonq6@com.com
944,Lane Sexton,Male,96,79,81,39,73,lsextonq7@arizona.edu
945,Randi Groven,Female,12,33,18,41,100,rgrovenq8@ucsd.edu
946,Lilly Drake,Female,52,1,47,73,76,ldrakeq9@msn.com
947,Sybila Conibere,Female,11,53,51,49,72,sconibereqa@wikimedia.org
948,Pincus L'oiseau,Male,63,17,9,29,22,ploiseauqb@hugedomains.com
949,Madison Hearnden,Male,31,16,17,32,87,mhearndenqc@opera.com
950,Phyllys Fulop,Female,79,50,93,87,88,pfulopqd@oaic.gov.au
951,Mal Glassman,Male,47,89,74,63,75,mglassmanqe@europa.eu
952,Inness Gronw,Male,29,42,18,100,29,igronwqf@cisco.com
953,Jade Tunnow,Female,59,37,92,4,24,jtunnowqg@scientificamerican.com
954,Irvine Connue,Male,18,48,23,38,76,iconnueqh@infoseek.co.jp
955,Sheffie McGiven,Non-binary,79,37,90,36,50,smcgivenqi@a8.net
956,Gratia Treacy,Female,51,86,72,86,88,gtreacyqj@telegraph.co.uk
957,Vic Sommerscales,Male,91,52,91,92,84,vsommerscalesqk@ucla.edu
958,Art Sachno,Male,70,57,43,1,37,asachnoql@dell.com
959,Ahmed Lago,Male,25,76,62,19,16,alagoqm@oracle.com
960,Cristobal Rodson,Male,99,10,40,69,18,crodsonqn@themeforest.net
961,Bradan Sperring,Male,100,18,98,51,39,bsperringqo@creativecommons.org
962,Felita Lindelof,Female,87,98,18,66,58,flindelofqp@hao123.com
963,Barnett Grose,Male,2,93,41,73,86,bgroseqq@addtoany.com
964,Jeanelle Extall,Female,12,26,29,23,69,jextallqr@indiatimes.com
965,Benoit Pancast,Agender,100,100,70,20,62,bpancastqs@hostgator.com
966,Hadley Pharro,Male,1,65,91,71,21,hpharroqt@mediafire.com
967,Judd Codi,Male,32,39,43,57,91,jcodiqu@ehow.com
968,Antonin Struijs,Male,33,30,14,56,55,astruijsqv@time.com
969,Aeriel Kondratenko,Female,14,81,77,32,84,akondratenkoqw@networksolutions.com
970,Juliane Wardall,Female,20,60,78,57,47,jwardallqx@quantcast.com
971,Donnie Wraggs,Male,18,48,89,51,80,dwraggsqy@icio.us
972,Cherry Canwell,Female,48,68,83,56,65,ccanwellqz@wiley.com
973,Townsend Reicherz,Male,24,16,67,82,12,treicherzr0@hp.com
974,Bernie Fettiplace,Male,50,50,92,36,88,bfettiplacer1@nba.com
975,Nyssa Orrow,Female,77,78,51,35,49,norrowr2@addtoany.com
976,Henka Farnworth,Female,83,28,92,45,86,hfarnworthr3@liveinternet.ru
977,Allan Kidgell,Male,13,32,15,72,86,akidgellr4@nydailynews.com
978,Nickola Ternent,Male,5,27,88,55,56,nternentr5@mysql.com
979,Virgina Sandever,Female,86,31,24,78,88,vsandeverr6@google.com.hk
980,Kyla Cossem,Female,75,29,71,41,84,kcossemr7@psu.edu
981,Wilone Doughill,Female,49,81,2,37,99,wdoughillr8@over-blog.com
982,Ara Attenbrow,Genderqueer,87,69,48,24,3,aattenbrowr9@cornell.edu
983,Cassandre Orniz,Female,66,36,2,85,35,cornizra@deviantart.com
984,Melody Selbach,Female,98,65,6,47,54,mselbachrb@creativecommons.org
985,Jany Nilges,Female,77,8,48,30,11,jnilgesrc@paypal.com
986,Dasi Mantrip,Female,95,80,91,50,93,dmantriprd@npr.org
987,Nikolas Dimont,Male,15,25,79,27,78,ndimontre@vinaora.com
988,Myles Greeson,Male,68,21,76,64,62,mgreesonrf@fda.gov
989,Tedra Hughson,Non-binary,64,47,54,17,98,thughsonrg@abc.net.au
990,Portie Cocklie,Male,47,72,80,91,28,pcocklierh@house.gov
991,Karin Alkins,Female,49,20,35,73,87,kalkinsri@about.me
992,Roddie Blewis,Male,18,42,90,53,46,rblewisrj@phoca.cz
993,Aimee O'Ferris,Female,56,83,88,42,9,aoferrisrk@marriott.com
994,Abba Stithe,Male,73,83,99,94,21,astitherl@icq.com
995,Lorne Ashwin,Female,1,69,66,73,31,lashwinrm@tiny.cc
996,Xylina Skaif,Female,85,90,1,88,6,xskaifrn@joomla.org
997,Rustie Steffans,Male,100,7,48,59,49,rsteffansro@marketwatch.com
998,Addie Abramzon,Male,58,63,35,28,14,aabramzonrp@hp.com
999,Aretha Akester,Female,93,83,31,49,34,aakesterrq@sfgate.com
1000,Shem Hansmann,Male,91,66,2,19,44,shansmannrr@cloudflare.com
